id,fund_code,stock_code,stock_name,proportion_of_nav,shares_held,market_value,quarter,report_date,created_at
5513,005550,688608,恒玄科技,9.45,6.66,2704.58,2025年1季度股票投资明细,2025-03-31,2026-01-29 08:19:48
5514,005550,002851,麦格米特,8.69,40.89,2487.75,2025年1季度股票投资明细,2025-03-31,2026-01-29 08:19:49
5515,005550,300442,润泽科技,8.16,40.88,2335.88,2025年1季度股票投资明细,2025-03-31,2026-01-29 08:19:49
5516,005550,300476,胜宏科技,8.10,28.61,2317.70,2025年1季度股票投资明细,2025-03-31,2026-01-29 08:19:50
5517,005550,002371,北方华创,6.13,4.22,1755.52,2025年1季度股票投资明细,2025-03-31,2026-01-29 08:19:51
5518,005550,300679,电连技术,5.98,30.11,1712.36,2025年1季度股票投资明细,2025-03-31,2026-01-29 08:19:52
5519,005550,002463,沪电股份,5.46,47.64,1562.59,2025年1季度股票投资明细,2025-03-31,2026-01-29 08:19:52
5520,005550,688279,峰岹科技,5.25,6.43,1504.36,2025年1季度股票投资明细,2025-03-31,2026-01-29 08:19:53
5521,005550,300570,太辰光,4.20,14.39,1201.57,2025年1季度股票投资明细,2025-03-31,2026-01-29 08:19:54
5522,005550,688220,翱捷科技,3.57,10.07,1022.57,2025年1季度股票投资明细,2025-03-31,2026-01-29 08:19:54
5523,005550,300476,胜宏科技,9.75,16.60,2230.71,2025年2季度股票投资明细,2025-06-30,2026-01-29 08:19:55
5524,005550,300308,中际旭创,9.51,14.92,2176.23,2025年2季度股票投资明细,2025-06-30,2026-01-29 08:19:55
5525,005550,300502,新易盛,9.20,16.57,2104.72,2025年2季度股票投资明细,2025-06-30,2026-01-29 08:19:56
5526,005550,688213,思特威,8.60,19.24,1966.55,2025年2季度股票投资明细,2025-06-30,2026-01-29 08:19:57
5527,005550,688608,恒玄科技,7.65,5.03,1749.37,2025年2季度股票投资明细,2025-06-30,2026-01-29 08:19:57
5528,005550,300548,长芯博创,5.60,19.17,1279.98,2025年2季度股票投资明细,2025-06-30,2026-01-29 08:19:58
5529,005550,688313,仕佳光子,5.49,32.99,1255.17,2025年2季度股票投资明细,2025-06-30,2026-01-29 08:19:59
5530,005550,300394,天孚通信,4.28,12.25,978.20,2025年2季度股票投资明细,2025-06-30,2026-01-29 08:19:59
5531,005550,688018,乐鑫科技,4.25,6.65,971.55,2025年2季度股票投资明细,2025-06-30,2026-01-29 08:20:00
5532,005550,603893,瑞芯微,4.22,6.35,964.31,2025年2季度股票投资明细,2025-06-30,2026-01-29 08:20:01
5533,005550,688183,生益电子,3.94,17.58,900.23,2025年2季度股票投资明细,2025-06-30,2026-01-29 08:20:01
5534,005550,300170,汉得信息,3.14,41.71,717.83,2025年2季度股票投资明细,2025-06-30,2026-01-29 08:20:02
5535,005550,002463,沪电股份,2.99,16.09,685.11,2025年2季度股票投资明细,2025-06-30,2026-01-29 08:20:03
5536,005550,688141,杰华特,2.58,18.09,589.31,2025年2季度股票投资明细,2025-06-30,2026-01-29 08:20:03
5537,005550,688629,华丰科技,2.29,9.15,523.39,2025年2季度股票投资明细,2025-06-30,2026-01-29 08:20:04
5538,005550,002851,麦格米特,2.09,9.52,477.33,2025年2季度股票投资明细,2025-06-30,2026-01-29 08:20:05
5539,005550,300378,鼎捷数智,2.06,12.90,472.14,2025年2季度股票投资明细,2025-06-30,2026-01-29 08:20:06
5540,005550,300570,太辰光,1.94,4.61,444.31,2025年2季度股票投资明细,2025-06-30,2026-01-29 08:20:07
5541,005550,688498,源杰科技,1.67,1.96,381.97,2025年2季度股票投资明细,2025-06-30,2026-01-29 08:20:07
5542,005550,002130,沃尔核材,1.52,14.62,348.25,2025年2季度股票投资明细,2025-06-30,2026-01-29 08:20:08
5543,005550,301498,乖宝宠物,0.94,1.96,214.37,2025年2季度股票投资明细,2025-06-30,2026-01-29 08:20:09
5544,005550,688279,峰岹科技,0.92,1.14,210.93,2025年2季度股票投资明细,2025-06-30,2026-01-29 08:20:09
5545,005550,300502,新易盛,9.01,16.95,6199.80,2025年3季度股票投资明细,2025-09-30,2026-01-29 08:20:10
5546,005550,300308,中际旭创,8.64,14.73,5946.21,2025年3季度股票投资明细,2025-09-30,2026-01-29 08:20:11
5547,005550,300476,胜宏科技,8.23,19.85,5667.15,2025年3季度股票投资明细,2025-09-30,2026-01-29 08:20:11
5548,005550,601138,工业富联,7.69,80.15,5291.00,2025年3季度股票投资明细,2025-09-30,2026-01-29 08:20:12
5549,005550,002463,沪电股份,7.33,68.70,5047.39,2025年3季度股票投资明细,2025-09-30,2026-01-29 08:20:13
5550,005550,301377,鼎泰高科,7.01,67.33,4826.89,2025年3季度股票投资明细,2025-09-30,2026-01-29 08:20:13
5551,005550,688498,源杰科技,5.20,8.35,3581.64,2025年3季度股票投资明细,2025-09-30,2026-01-29 08:20:14
5552,005550,688018,乐鑫科技,3.54,11.25,2439.76,2025年3季度股票投资明细,2025-09-30,2026-01-29 08:20:15
5553,005550,688213,思特威,3.41,19.70,2347.18,2025年3季度股票投资明细,2025-09-30,2026-01-29 08:20:17
5554,005550,300394,天孚通信,2.97,12.19,2045.82,2025年3季度股票投资明细,2025-09-30,2026-01-29 08:20:18
5555,005550,688120,华海清科,8.76,62.05,9223.97,2025年4季度股票投资明细,2025-12-31,2026-01-29 08:20:19
5556,005550,300308,中际旭创,8.23,14.21,8668.10,2025年4季度股票投资明细,2025-12-31,2026-01-29 08:20:19
5557,005550,002463,沪电股份,7.93,114.33,8354.24,2025年4季度股票投资明细,2025-12-31,2026-01-29 08:20:20
5558,005550,300502,新易盛,7.47,18.43,7874.20,2025年4季度股票投资明细,2025-12-31,2026-01-29 08:20:21
5559,005550,300476,胜宏科技,3.58,13.13,3775.90,2025年4季度股票投资明细,2025-12-31,2026-01-29 08:20:21
5560,005550,002371,北方华创,3.49,8.00,3672.64,2025年4季度股票投资明细,2025-12-31,2026-01-29 08:20:22
5561,005550,301611,珂玛科技,3.43,42.12,3610.95,2025年4季度股票投资明细,2025-12-31,2026-01-29 08:20:23
5562,005550,688629,华丰科技,3.42,36.05,3606.75,2025年4季度股票投资明细,2025-12-31,2026-01-29 08:20:23
5563,005550,601138,工业富联,3.34,56.78,3523.25,2025年4季度股票投资明细,2025-12-31,2026-01-29 08:20:24
5564,005550,300394,天孚通信,3.09,16.02,3252.54,2025年4季度股票投资明细,2025-12-31,2026-01-29 08:20:25
5565,005551,688608,恒玄科技,9.45,6.66,2704.58,2025年1季度股票投资明细,2025-03-31,2026-01-29 08:20:29
5566,005551,002851,麦格米特,8.69,40.89,2487.75,2025年1季度股票投资明细,2025-03-31,2026-01-29 08:20:30
5567,005551,300442,润泽科技,8.16,40.88,2335.88,2025年1季度股票投资明细,2025-03-31,2026-01-29 08:20:30
5568,005551,300476,胜宏科技,8.10,28.61,2317.70,2025年1季度股票投资明细,2025-03-31,2026-01-29 08:20:32
5569,005551,002371,北方华创,6.13,4.22,1755.52,2025年1季度股票投资明细,2025-03-31,2026-01-29 08:20:32
5570,005551,300679,电连技术,5.98,30.11,1712.36,2025年1季度股票投资明细,2025-03-31,2026-01-29 08:20:33
5571,005551,002463,沪电股份,5.46,47.64,1562.59,2025年1季度股票投资明细,2025-03-31,2026-01-29 08:20:34
5572,005551,688279,峰岹科技,5.25,6.43,1504.36,2025年1季度股票投资明细,2025-03-31,2026-01-29 08:20:34
5573,005551,300570,太辰光,4.20,14.39,1201.57,2025年1季度股票投资明细,2025-03-31,2026-01-29 08:20:35
5574,005551,688220,翱捷科技,3.57,10.07,1022.57,2025年1季度股票投资明细,2025-03-31,2026-01-29 08:20:36
5575,005551,300476,胜宏科技,9.75,16.60,2230.71,2025年2季度股票投资明细,2025-06-30,2026-01-29 08:20:37
5576,005551,300308,中际旭创,9.51,14.92,2176.23,2025年2季度股票投资明细,2025-06-30,2026-01-29 08:20:38
5577,005551,300502,新易盛,9.20,16.57,2104.72,2025年2季度股票投资明细,2025-06-30,2026-01-29 08:20:38
5578,005551,688213,思特威,8.60,19.24,1966.55,2025年2季度股票投资明细,2025-06-30,2026-01-29 08:20:39
5579,005551,688608,恒玄科技,7.65,5.03,1749.37,2025年2季度股票投资明细,2025-06-30,2026-01-29 08:20:40
5580,005551,300548,长芯博创,5.60,19.17,1279.98,2025年2季度股票投资明细,2025-06-30,2026-01-29 08:20:40
5581,005551,688313,仕佳光子,5.49,32.99,1255.17,2025年2季度股票投资明细,2025-06-30,2026-01-29 08:20:41
5582,005551,300394,天孚通信,4.28,12.25,978.20,2025年2季度股票投资明细,2025-06-30,2026-01-29 08:20:42
5583,005551,688018,乐鑫科技,4.25,6.65,971.55,2025年2季度股票投资明细,2025-06-30,2026-01-29 08:20:42
5584,005551,603893,瑞芯微,4.22,6.35,964.31,2025年2季度股票投资明细,2025-06-30,2026-01-29 08:20:43
5585,005551,688183,生益电子,3.94,17.58,900.23,2025年2季度股票投资明细,2025-06-30,2026-01-29 08:20:44
5586,005551,300170,汉得信息,3.14,41.71,717.83,2025年2季度股票投资明细,2025-06-30,2026-01-29 08:20:45
5587,005551,002463,沪电股份,2.99,16.09,685.11,2025年2季度股票投资明细,2025-06-30,2026-01-29 08:20:46
5588,005551,688141,杰华特,2.58,18.09,589.31,2025年2季度股票投资明细,2025-06-30,2026-01-29 08:20:46
5589,005551,688629,华丰科技,2.29,9.15,523.39,2025年2季度股票投资明细,2025-06-30,2026-01-29 08:20:47
5590,005551,002851,麦格米特,2.09,9.52,477.33,2025年2季度股票投资明细,2025-06-30,2026-01-29 08:20:48
5591,005551,300378,鼎捷数智,2.06,12.90,472.14,2025年2季度股票投资明细,2025-06-30,2026-01-29 08:20:48
5592,005551,300570,太辰光,1.94,4.61,444.31,2025年2季度股票投资明细,2025-06-30,2026-01-29 08:20:49
5593,005551,688498,源杰科技,1.67,1.96,381.97,2025年2季度股票投资明细,2025-06-30,2026-01-29 08:20:49
5594,005551,002130,沃尔核材,1.52,14.62,348.25,2025年2季度股票投资明细,2025-06-30,2026-01-29 08:20:50
5595,005551,301498,乖宝宠物,0.94,1.96,214.37,2025年2季度股票投资明细,2025-06-30,2026-01-29 08:20:51
5596,005551,688279,峰岹科技,0.92,1.14,210.93,2025年2季度股票投资明细,2025-06-30,2026-01-29 08:20:52
5597,005551,300502,新易盛,9.01,16.95,6199.80,2025年3季度股票投资明细,2025-09-30,2026-01-29 08:20:52
5598,005551,300308,中际旭创,8.64,14.73,5946.21,2025年3季度股票投资明细,2025-09-30,2026-01-29 08:20:53
5599,005551,300476,胜宏科技,8.23,19.85,5667.15,2025年3季度股票投资明细,2025-09-30,2026-01-29 08:20:54
5600,005551,601138,工业富联,7.69,80.15,5291.00,2025年3季度股票投资明细,2025-09-30,2026-01-29 08:20:54
5601,005551,002463,沪电股份,7.33,68.70,5047.39,2025年3季度股票投资明细,2025-09-30,2026-01-29 08:20:55
5602,005551,301377,鼎泰高科,7.01,67.33,4826.89,2025年3季度股票投资明细,2025-09-30,2026-01-29 08:20:56
5603,005551,688498,源杰科技,5.20,8.35,3581.64,2025年3季度股票投资明细,2025-09-30,2026-01-29 08:20:56
5604,005551,688018,乐鑫科技,3.54,11.25,2439.76,2025年3季度股票投资明细,2025-09-30,2026-01-29 08:20:57
5605,005551,688213,思特威,3.41,19.70,2347.18,2025年3季度股票投资明细,2025-09-30,2026-01-29 08:20:58
5606,005551,300394,天孚通信,2.97,12.19,2045.82,2025年3季度股票投资明细,2025-09-30,2026-01-29 08:20:58
5607,005551,688120,华海清科,8.76,62.05,9223.97,2025年4季度股票投资明细,2025-12-31,2026-01-29 08:20:59
5608,005551,300308,中际旭创,8.23,14.21,8668.10,2025年4季度股票投资明细,2025-12-31,2026-01-29 08:21:00
5609,005551,002463,沪电股份,7.93,114.33,8354.24,2025年4季度股票投资明细,2025-12-31,2026-01-29 08:21:00
5610,005551,300502,新易盛,7.47,18.43,7874.20,2025年4季度股票投资明细,2025-12-31,2026-01-29 08:21:01
5611,005551,300476,胜宏科技,3.58,13.13,3775.90,2025年4季度股票投资明细,2025-12-31,2026-01-29 08:21:03
5612,005551,002371,北方华创,3.49,8.00,3672.64,2025年4季度股票投资明细,2025-12-31,2026-01-29 08:21:03
5613,005551,301611,珂玛科技,3.43,42.12,3610.95,2025年4季度股票投资明细,2025-12-31,2026-01-29 08:21:04
5614,005551,688629,华丰科技,3.42,36.05,3606.75,2025年4季度股票投资明细,2025-12-31,2026-01-29 08:21:05
5615,005551,601138,工业富联,3.34,56.78,3523.25,2025年4季度股票投资明细,2025-12-31,2026-01-29 08:21:05
5616,005551,300394,天孚通信,3.09,16.02,3252.54,2025年4季度股票投资明细,2025-12-31,2026-01-29 08:21:06
5617,011815,688041,海光信息,4.81,3.31,467.39,2025年1季度股票投资明细,2025-03-31,2026-01-29 08:21:13
5618,011815,688800,瑞可达,4.27,8.43,415.22,2025年1季度股票投资明细,2025-03-31,2026-01-29 08:21:13
5619,011815,688582,芯动联科,4.27,6.80,414.75,2025年1季度股票投资明细,2025-03-31,2026-01-29 08:21:14
5620,011815,002594,比亚迪,4.17,1.08,404.89,2025年1季度股票投资明细,2025-03-31,2026-01-29 08:21:15
5621,011815,603501,韦尔股份,4.11,3.01,399.49,2025年1季度股票投资明细,2025-03-31,2026-01-29 08:21:15
5622,011815,002371,北方华创,4.07,0.95,395.20,2025年1季度股票投资明细,2025-03-31,2026-01-29 08:21:16
5623,011815,002947,恒铭达,4.07,10.24,395.16,2025年1季度股票投资明细,2025-03-31,2026-01-29 08:21:17
5624,011815,002126,银轮股份,4.02,14.12,390.14,2025年1季度股票投资明细,2025-03-31,2026-01-29 08:21:18
5625,011815,300476,胜宏科技,3.97,4.76,385.61,2025年1季度股票投资明细,2025-03-31,2026-01-29 08:21:19
5626,011815,002384,东山精密,3.94,11.68,382.40,2025年1季度股票投资明细,2025-03-31,2026-01-29 08:21:20
5627,011815,300308,中际旭创,6.52,4.43,646.74,2025年2季度股票投资明细,2025-06-30,2026-01-29 08:21:21
5628,011815,002384,东山精密,5.02,13.18,497.81,2025年2季度股票投资明细,2025-06-30,2026-01-29 08:21:22
5629,011815,002130,沃尔核材,4.80,19.98,475.92,2025年2季度股票投资明细,2025-06-30,2026-01-29 08:21:24
5630,011815,600760,中航沈飞,4.79,8.10,474.70,2025年2季度股票投资明细,2025-06-30,2026-01-29 08:21:24
5631,011815,920982,锦波生物,4.62,1.29,457.87,2025年2季度股票投资明细,2025-06-30,2026-01-29 08:21:26
5632,011815,688582,芯动联科,4.21,6.22,417.72,2025年2季度股票投资明细,2025-06-30,2026-01-29 08:21:27
5633,011815,300502,新易盛,3.98,3.10,394.27,2025年2季度股票投资明细,2025-06-30,2026-01-29 08:21:28
5634,011815,000880,潍柴重机,3.72,9.75,368.75,2025年2季度股票投资明细,2025-06-30,2026-01-29 08:21:29
5635,011815,300476,胜宏科技,3.55,2.62,352.08,2025年2季度股票投资明细,2025-06-30,2026-01-29 08:21:29
5636,011815,300857,协创数据,2.95,3.39,292.09,2025年2季度股票投资明细,2025-06-30,2026-01-29 08:21:30
5637,011815,002602,ST华通,2.91,26.07,288.86,2025年2季度股票投资明细,2025-06-30,2026-01-29 08:21:31
5638,011815,600391,航发科技,2.90,9.85,287.62,2025年2季度股票投资明细,2025-06-30,2026-01-29 08:21:32
5639,011815,300570,太辰光,2.90,2.98,287.21,2025年2季度股票投资明细,2025-06-30,2026-01-29 08:21:32
5640,011815,688685,迈信林,2.70,4.80,268.24,2025年2季度股票投资明细,2025-06-30,2026-01-29 08:21:33
5641,011815,002080,中材科技,2.64,13.44,262.08,2025年2季度股票投资明细,2025-06-30,2026-01-29 08:21:34
5642,011815,600590,泰豪科技,2.43,24.67,240.98,2025年2季度股票投资明细,2025-06-30,2026-01-29 08:21:34
5643,011815,603986,兆易创新,2.28,1.79,226.49,2025年2季度股票投资明细,2025-06-30,2026-01-29 08:21:35
5644,011815,688052,纳芯微,2.26,1.28,224.01,2025年2季度股票投资明细,2025-06-30,2026-01-29 08:21:36
5645,011815,002916,深南电路,2.09,1.92,207.00,2025年2季度股票投资明细,2025-06-30,2026-01-29 08:21:36
5646,011815,601138,工业富联,1.96,9.07,193.92,2025年2季度股票投资明细,2025-06-30,2026-01-29 08:21:37
5647,011815,603501,豪威集团,1.90,1.48,188.92,2025年2季度股票投资明细,2025-06-30,2026-01-29 08:21:38
5648,011815,688552,航天南湖,1.80,4.46,178.12,2025年2季度股票投资明细,2025-06-30,2026-01-29 08:21:38
5649,011815,688041,海光信息,1.76,1.23,174.48,2025年2季度股票投资明细,2025-06-30,2026-01-29 08:21:39
5650,011815,002294,信立泰,1.60,3.35,158.56,2025年2季度股票投资明细,2025-06-30,2026-01-29 08:21:40
5651,011815,301251,威尔高,1.58,3.99,156.45,2025年2季度股票投资明细,2025-06-30,2026-01-29 08:21:40
5652,011815,300723,一品红,1.54,3.05,152.87,2025年2季度股票投资明细,2025-06-30,2026-01-29 08:21:41
5653,011815,603380,易德龙,1.49,5.57,148.16,2025年2季度股票投资明细,2025-06-30,2026-01-29 08:21:42
5654,011815,001309,德明利,1.47,1.23,145.76,2025年2季度股票投资明细,2025-06-30,2026-01-29 08:21:43
5655,011815,300014,亿纬锂能,1.36,2.95,135.14,2025年2季度股票投资明细,2025-06-30,2026-01-29 08:21:44
5656,011815,688205,德科立,1.35,2.14,134.36,2025年2季度股票投资明细,2025-06-30,2026-01-29 08:21:44
5657,011815,002683,广东宏大,1.30,3.81,129.31,2025年2季度股票投资明细,2025-06-30,2026-01-29 08:21:45
5658,011815,300153,科泰电源,0.98,2.88,97.49,2025年2季度股票投资明细,2025-06-30,2026-01-29 08:21:46
5659,011815,300699,光威复材,0.95,2.98,94.38,2025年2季度股票投资明细,2025-06-30,2026-01-29 08:21:46
5660,011815,002558,巨人网络,0.51,2.13,50.20,2025年2季度股票投资明细,2025-06-30,2026-01-29 08:21:47
5661,011815,603256,宏和科技,0.43,2.86,42.39,2025年2季度股票投资明细,2025-06-30,2026-01-29 08:21:48
5662,011815,603063,禾望电气,0.12,0.34,11.51,2025年2季度股票投资明细,2025-06-30,2026-01-29 08:21:48
5663,011815,688068,热景生物,0.10,0.07,9.95,2025年2季度股票投资明细,2025-06-30,2026-01-29 08:21:49
5664,011815,600059,古越龙山,0.09,0.82,8.95,2025年2季度股票投资明细,2025-06-30,2026-01-29 08:21:50
5665,011815,688678,福立旺,0.08,0.40,7.68,2025年2季度股票投资明细,2025-06-30,2026-01-29 08:21:51
5666,011815,605060,联德股份,0.06,0.27,5.62,2025年2季度股票投资明细,2025-06-30,2026-01-29 08:21:51
5667,011815,688200,华峰测控,0.05,0.04,5.29,2025年2季度股票投资明细,2025-06-30,2026-01-29 08:21:52
5668,011815,688120,华海清科,0.04,0.02,3.88,2025年2季度股票投资明细,2025-06-30,2026-01-29 08:21:53
5669,011815,688382,益方生物,0.04,0.11,3.76,2025年2季度股票投资明细,2025-06-30,2026-01-29 08:21:53
5670,011815,601155,新城控股,0.03,0.25,3.42,2025年2季度股票投资明细,2025-06-30,2026-01-29 08:21:54
5671,011815,600276,恒瑞医药,0.03,0.06,3.11,2025年2季度股票投资明细,2025-06-30,2026-01-29 08:21:55
5672,011815,688220,翱捷科技,0.03,0.04,2.94,2025年2季度股票投资明细,2025-06-30,2026-01-29 08:21:55
5673,011815,688515,裕太微,0.03,0.03,2.89,2025年2季度股票投资明细,2025-06-30,2026-01-29 08:21:56
5674,011815,688768,容知日新,0.03,0.07,2.89,2025年2季度股票投资明细,2025-06-30,2026-01-29 08:21:58
5675,011815,601100,恒立液压,0.03,0.04,2.88,2025年2季度股票投资明细,2025-06-30,2026-01-29 08:21:59
5676,011815,300661,圣邦股份,0.03,0.04,2.84,2025年2季度股票投资明细,2025-06-30,2026-01-29 08:21:59
5677,011815,603194,中力股份,0.03,0.06,2.72,2025年2季度股票投资明细,2025-06-30,2026-01-29 08:22:00
5678,011815,301589,诺瓦星云,0.02,0.02,2.33,2025年2季度股票投资明细,2025-06-30,2026-01-29 08:22:01
5679,011815,600536,中国软件,0.02,0.05,2.29,2025年2季度股票投资明细,2025-06-30,2026-01-29 08:22:01
5680,011815,601899,紫金矿业,0.02,0.10,1.95,2025年2季度股票投资明细,2025-06-30,2026-01-29 08:22:02
5681,011815,001360,南矿集团,0.02,0.12,1.70,2025年2季度股票投资明细,2025-06-30,2026-01-29 08:22:03
5682,011815,000001,平安银行,0.02,0.14,1.69,2025年2季度股票投资明细,2025-06-30,2026-01-29 08:22:04
5683,011815,301479,弘景光电,0.02,0.02,1.68,2025年2季度股票投资明细,2025-06-30,2026-01-29 08:22:05
5684,011815,600079,人福医药,0.02,0.08,1.68,2025年2季度股票投资明细,2025-06-30,2026-01-29 08:22:06
5685,011815,300748,金力永磁,0.02,0.07,1.67,2025年2季度股票投资明细,2025-06-30,2026-01-29 08:22:07
5686,011815,688053,思科瑞,0.02,0.05,1.64,2025年2季度股票投资明细,2025-06-30,2026-01-29 08:22:07
5687,011815,300984,金沃股份,0.02,0.03,1.60,2025年2季度股票投资明细,2025-06-30,2026-01-29 08:22:08
5688,011815,301387,光大同创,0.02,0.04,1.56,2025年2季度股票投资明细,2025-06-30,2026-01-29 08:22:09
5689,011815,300765,新诺威,0.02,0.03,1.55,2025年2季度股票投资明细,2025-06-30,2026-01-29 08:22:10
5690,011815,688152,麒麟信安,0.02,0.03,1.54,2025年2季度股票投资明细,2025-06-30,2026-01-29 08:22:10
5691,011815,603893,瑞芯微,0.02,0.01,1.52,2025年2季度股票投资明细,2025-06-30,2026-01-29 08:22:11
5692,011815,600577,精达股份,0.02,0.20,1.49,2025年2季度股票投资明细,2025-06-30,2026-01-29 08:22:12
5693,011815,002970,锐明技术,0.01,0.03,1.48,2025年2季度股票投资明细,2025-06-30,2026-01-29 08:22:12
5694,011815,002913,奥士康,0.01,0.05,1.47,2025年2季度股票投资明细,2025-06-30,2026-01-29 08:22:13
5695,011815,603298,杭叉集团,0.01,0.07,1.47,2025年2季度股票投资明细,2025-06-30,2026-01-29 08:22:14
5696,011815,601728,中国电信,0.01,0.18,1.40,2025年2季度股票投资明细,2025-06-30,2026-01-29 08:22:14
5697,011815,688627,精智达,0.01,0.02,1.36,2025年2季度股票投资明细,2025-06-30,2026-01-29 08:22:15
5698,011815,600584,长电科技,0.01,0.04,1.35,2025年2季度股票投资明细,2025-06-30,2026-01-29 08:22:16
5699,011815,603062,麦加芯彩,0.01,0.03,1.32,2025年2季度股票投资明细,2025-06-30,2026-01-29 08:22:17
5700,011815,600732,爱旭股份,0.01,0.10,1.31,2025年2季度股票投资明细,2025-06-30,2026-01-29 08:22:17
5701,011815,603218,日月股份,0.01,0.10,1.27,2025年2季度股票投资明细,2025-06-30,2026-01-29 08:22:18
5702,011815,688630,芯碁微装,0.01,0.02,1.25,2025年2季度股票投资明细,2025-06-30,2026-01-29 08:22:19
5703,011815,688082,盛美上海,0.01,0.01,1.25,2025年2季度股票投资明细,2025-06-30,2026-01-29 08:22:20
5704,011815,603688,石英股份,0.01,0.04,1.23,2025年2季度股票投资明细,2025-06-30,2026-01-29 08:22:20
5705,011815,688312,燕麦科技,0.01,0.05,1.23,2025年2季度股票投资明细,2025-06-30,2026-01-29 08:22:21
5706,011815,300900,广联航空,0.01,0.05,1.21,2025年2季度股票投资明细,2025-06-30,2026-01-29 08:22:22
5707,011815,603809,豪能股份,0.01,0.08,1.19,2025年2季度股票投资明细,2025-06-30,2026-01-29 08:22:22
5708,011815,300803,指南针,0.01,0.01,1.17,2025年2季度股票投资明细,2025-06-30,2026-01-29 08:22:23
5709,011815,688127,蓝特光学,0.01,0.04,1.14,2025年2季度股票投资明细,2025-06-30,2026-01-29 08:22:24
5710,011815,605009,豪悦护理,0.01,0.03,1.11,2025年2季度股票投资明细,2025-06-30,2026-01-29 08:22:25
5711,011815,688136,科兴制药,0.01,0.03,1.10,2025年2季度股票投资明细,2025-06-30,2026-01-29 08:22:25
5712,011815,688123,聚辰股份,0.01,0.01,1.09,2025年2季度股票投资明细,2025-06-30,2026-01-29 08:22:26
5713,011815,688232,新点软件,0.01,0.04,1.08,2025年2季度股票投资明细,2025-06-30,2026-01-29 08:22:27
5714,011815,688522,纳睿雷达,0.01,0.02,1.03,2025年2季度股票投资明细,2025-06-30,2026-01-29 08:22:28
5715,011815,688787,海天瑞声,0.01,0.01,1.02,2025年2季度股票投资明细,2025-06-30,2026-01-29 08:22:28
5716,011815,600601,方正科技,0.01,0.19,1.01,2025年2季度股票投资明细,2025-06-30,2026-01-29 08:22:29
5717,011815,600522,中天科技,0.01,0.07,1.01,2025年2季度股票投资明细,2025-06-30,2026-01-29 08:22:30
5718,011815,600745,闻泰科技,0.01,0.03,1.01,2025年2季度股票投资明细,2025-06-30,2026-01-29 08:22:31
5719,011815,002851,麦格米特,0.01,0.02,1.00,2025年2季度股票投资明细,2025-06-30,2026-01-29 08:22:31
5720,011815,603150,万朗磁塑,0.01,0.03,0.98,2025年2季度股票投资明细,2025-06-30,2026-01-29 08:22:32
5721,011815,000063,中兴通讯,0.01,0.03,0.97,2025年2季度股票投资明细,2025-06-30,2026-01-29 08:22:33
5722,011815,688561,奇安信,0.01,0.03,0.95,2025年2季度股票投资明细,2025-06-30,2026-01-29 08:22:34
5723,011815,603338,浙江鼎力,0.01,0.02,0.95,2025年2季度股票投资明细,2025-06-30,2026-01-29 08:22:34
5724,011815,603260,合盛硅业,0.01,0.02,0.95,2025年2季度股票投资明细,2025-06-30,2026-01-29 08:22:35
5725,011815,688025,杰普特,0.01,0.01,0.94,2025年2季度股票投资明细,2025-06-30,2026-01-29 08:22:36
5726,011815,600650,锦江在线,0.01,0.06,0.93,2025年2季度股票投资明细,2025-06-30,2026-01-29 08:22:37
5727,011815,300810,中科海讯,0.01,0.02,0.92,2025年2季度股票投资明细,2025-06-30,2026-01-29 08:22:37
5728,011815,688503,聚和材料,0.01,0.02,0.91,2025年2季度股票投资明细,2025-06-30,2026-01-29 08:22:38
5729,011815,300622,博士眼镜,0.01,0.03,0.90,2025年2季度股票投资明细,2025-06-30,2026-01-29 08:22:39
5730,011815,688347,华虹公司,0.01,0.02,0.88,2025年2季度股票投资明细,2025-06-30,2026-01-29 08:22:39
5731,011815,688609,九联科技,0.01,0.08,0.88,2025年2季度股票投资明细,2025-06-30,2026-01-29 08:22:40
5732,011815,603297,永新光学,0.01,0.01,0.87,2025年2季度股票投资明细,2025-06-30,2026-01-29 08:22:41
5733,011815,688728,格科微,0.01,0.06,0.87,2025年2季度股票投资明细,2025-06-30,2026-01-29 08:22:41
5734,011815,603236,移远通信,0.01,0.01,0.86,2025年2季度股票投资明细,2025-06-30,2026-01-29 08:22:42
5735,011815,301565,中仑新材,0.01,0.03,0.85,2025年2季度股票投资明细,2025-06-30,2026-01-29 08:22:43
5736,011815,688378,奥来德,0.01,0.05,0.84,2025年2季度股票投资明细,2025-06-30,2026-01-29 08:22:43
5737,011815,688590,新致软件,0.01,0.04,0.84,2025年2季度股票投资明细,2025-06-30,2026-01-29 08:22:44
5738,011815,688270,臻镭科技,0.01,0.02,0.83,2025年2季度股票投资明细,2025-06-30,2026-01-29 08:22:45
5739,011815,603296,华勤技术,0.01,0.01,0.81,2025年2季度股票投资明细,2025-06-30,2026-01-29 08:22:45
5740,011815,688800,瑞可达,0.01,0.02,0.77,2025年2季度股票投资明细,2025-06-30,2026-01-29 08:22:46
5741,011815,301413,安培龙,0.01,0.01,0.76,2025年2季度股票投资明细,2025-06-30,2026-01-29 08:22:47
5742,011815,605117,德业股份,0.01,0.01,0.74,2025年2季度股票投资明细,2025-06-30,2026-01-29 08:22:47
5743,011815,603138,海量数据,0.01,0.05,0.72,2025年2季度股票投资明细,2025-06-30,2026-01-29 08:22:48
5744,011815,603319,美湖股份,0.01,0.02,0.71,2025年2季度股票投资明细,2025-06-30,2026-01-29 08:22:48
5745,011815,688368,晶丰明源,0.01,0.01,0.70,2025年2季度股票投资明细,2025-06-30,2026-01-29 08:22:49
5746,011815,301580,爱迪特,0.01,0.02,0.70,2025年2季度股票投资明细,2025-06-30,2026-01-29 08:22:50
5747,011815,600482,中国动力,0.01,0.03,0.69,2025年2季度股票投资明细,2025-06-30,2026-01-29 08:22:51
5748,011815,000997,新大陆,0.01,0.02,0.65,2025年2季度股票投资明细,2025-06-30,2026-01-29 08:22:51
5749,011815,600933,爱柯迪,0.01,0.04,0.64,2025年2季度股票投资明细,2025-06-30,2026-01-29 08:22:52
5750,011815,603881,数据港,0.01,0.02,0.61,2025年2季度股票投资明细,2025-06-30,2026-01-29 08:22:53
5751,011815,688327,云从科技,0.01,0.04,0.61,2025年2季度股票投资明细,2025-06-30,2026-01-29 08:22:54
5752,011815,600642,申能股份,0.01,0.07,0.60,2025年2季度股票投资明细,2025-06-30,2026-01-29 08:22:55
5753,011815,688733,壹石通,0.01,0.03,0.59,2025年2季度股票投资明细,2025-06-30,2026-01-29 08:22:55
5754,011815,601231,环旭电子,0.01,0.04,0.59,2025年2季度股票投资明细,2025-06-30,2026-01-29 08:22:56
5755,011815,300910,瑞丰新材,0.01,0.01,0.58,2025年2季度股票投资明细,2025-06-30,2026-01-29 08:22:57
5756,011815,600841,动力新科,0.01,0.09,0.56,2025年2季度股票投资明细,2025-06-30,2026-01-29 08:22:57
5757,011815,002048,宁波华翔,0.01,0.03,0.55,2025年2季度股票投资明细,2025-06-30,2026-01-29 08:22:58
5758,011815,688337,普源精电,0.01,0.02,0.54,2025年2季度股票投资明细,2025-06-30,2026-01-29 08:22:58
5759,011815,300634,彩讯股份,0.01,0.02,0.54,2025年2季度股票投资明细,2025-06-30,2026-01-29 08:22:59
5760,011815,301070,开勒股份,0.01,0.01,0.53,2025年2季度股票投资明细,2025-06-30,2026-01-29 08:23:00
5761,011815,688023,安恒信息,0.01,0.01,0.53,2025年2季度股票投资明细,2025-06-30,2026-01-29 08:23:01
5762,011815,301061,匠心家居,0.01,0.01,0.53,2025年2季度股票投资明细,2025-06-30,2026-01-29 08:23:02
5763,011815,688186,广大特材,0.01,0.02,0.51,2025年2季度股票投资明细,2025-06-30,2026-01-29 08:23:02
5764,011815,301183,东田微,0.01,0.01,0.51,2025年2季度股票投资明细,2025-06-30,2026-01-29 08:23:03
5765,011815,603800,洪田股份,0.01,0.02,0.51,2025年2季度股票投资明细,2025-06-30,2026-01-29 08:23:04
5766,011815,300735,光弘科技,0.01,0.02,0.50,2025年2季度股票投资明细,2025-06-30,2026-01-29 08:23:04
5767,011815,300120,经纬辉开,0.01,0.05,0.50,2025年2季度股票投资明细,2025-06-30,2026-01-29 08:23:05
5768,011815,688568,中科星图,0.01,0.01,0.50,2025年2季度股票投资明细,2025-06-30,2026-01-29 08:23:06
5769,011815,300806,斯迪克,0.00,0.03,0.50,2025年2季度股票投资明细,2025-06-30,2026-01-29 08:23:06
5770,011815,603283,赛腾股份,0.00,0.01,0.48,2025年2季度股票投资明细,2025-06-30,2026-01-29 08:23:07
5771,011815,600036,招商银行,0.00,0.01,0.46,2025年2季度股票投资明细,2025-06-30,2026-01-29 08:23:07
5772,011815,300679,电连技术,0.00,0.01,0.45,2025年2季度股票投资明细,2025-06-30,2026-01-29 08:23:08
5773,011815,601567,三星医疗,0.00,0.02,0.45,2025年2季度股票投资明细,2025-06-30,2026-01-29 08:23:09
5774,011815,300394,天孚通信,0.00,0.01,0.45,2025年2季度股票投资明细,2025-06-30,2026-01-29 08:23:09
5775,011815,301459,丰茂股份,0.00,0.01,0.43,2025年2季度股票投资明细,2025-06-30,2026-01-29 08:23:11
5776,011815,603052,可川科技,0.00,0.01,0.39,2025年2季度股票投资明细,2025-06-30,2026-01-29 08:23:11
5777,011815,601156,东航物流,0.00,0.03,0.39,2025年2季度股票投资明细,2025-06-30,2026-01-29 08:23:12
5778,011815,603373,安邦护卫,0.00,0.01,0.38,2025年2季度股票投资明细,2025-06-30,2026-01-29 08:23:12
5779,011815,301591,肯特股份,0.00,0.01,0.34,2025年2季度股票投资明细,2025-06-30,2026-01-29 08:23:13
5780,011815,002938,鹏鼎控股,0.00,0.01,0.32,2025年2季度股票投资明细,2025-06-30,2026-01-29 08:23:14
5781,011815,603193,润本股份,0.00,0.01,0.31,2025年2季度股票投资明细,2025-06-30,2026-01-29 08:23:14
5782,011815,688182,灿勤科技,0.00,0.01,0.31,2025年2季度股票投资明细,2025-06-30,2026-01-29 08:23:15
5783,011815,603341,龙旗科技,0.00,0.01,0.30,2025年2季度股票投资明细,2025-06-30,2026-01-29 08:23:16
5784,011815,301502,华阳智能,0.00,0.01,0.30,2025年2季度股票投资明细,2025-06-30,2026-01-29 08:23:16
5785,011815,000913,钱江摩托,0.00,0.02,0.30,2025年2季度股票投资明细,2025-06-30,2026-01-29 08:23:17
5786,011815,001306,夏厦精密,0.00,0.00,0.29,2025年2季度股票投资明细,2025-06-30,2026-01-29 08:23:18
5787,011815,301510,固高科技,0.00,0.01,0.29,2025年2季度股票投资明细,2025-06-30,2026-01-29 08:23:18
5788,011815,603667,五洲新春,0.00,0.01,0.28,2025年2季度股票投资明细,2025-06-30,2026-01-29 08:23:19
5789,011815,603005,晶方科技,0.00,0.01,0.28,2025年2季度股票投资明细,2025-06-30,2026-01-29 08:23:19
5790,011815,301568,思泰克,0.00,0.01,0.28,2025年2季度股票投资明细,2025-06-30,2026-01-29 08:23:20
5791,011815,002862,实丰文化,0.00,0.01,0.27,2025年2季度股票投资明细,2025-06-30,2026-01-29 08:23:21
5792,011815,301379,天山电子,0.00,0.01,0.27,2025年2季度股票投资明细,2025-06-30,2026-01-29 08:23:21
5793,011815,603325,博隆技术,0.00,0.00,0.26,2025年2季度股票投资明细,2025-06-30,2026-01-29 08:23:22
5794,011815,603082,北自科技,0.00,0.01,0.26,2025年2季度股票投资明细,2025-06-30,2026-01-29 08:23:23
5795,011815,001326,联域股份,0.00,0.01,0.25,2025年2季度股票投资明细,2025-06-30,2026-01-29 08:23:23
5796,011815,688362,甬矽电子,0.00,0.01,0.24,2025年2季度股票投资明细,2025-06-30,2026-01-29 08:23:24
5797,011815,688371,菲沃泰,0.00,0.01,0.23,2025年2季度股票投资明细,2025-06-30,2026-01-29 08:23:24
5798,011815,300913,兆龙互连,0.00,0.00,0.22,2025年2季度股票投资明细,2025-06-30,2026-01-29 08:23:25
5799,011815,000158,常山北明,0.00,0.01,0.22,2025年2季度股票投资明细,2025-06-30,2026-01-29 08:23:26
5800,011815,603312,西典新能,0.00,0.01,0.22,2025年2季度股票投资明细,2025-06-30,2026-01-29 08:23:26
5801,011815,603004,鼎龙科技,0.00,0.01,0.20,2025年2季度股票投资明细,2025-06-30,2026-01-29 08:23:27
5802,011815,603344,星德胜,0.00,0.01,0.19,2025年2季度股票投资明细,2025-06-30,2026-01-29 08:23:28
5803,011815,301511,德福科技,0.00,0.01,0.19,2025年2季度股票投资明细,2025-06-30,2026-01-29 08:23:28
5804,011815,603078,江化微,0.00,0.01,0.19,2025年2季度股票投资明细,2025-06-30,2026-01-29 08:23:29
5805,011815,001358,兴欣新材,0.00,0.01,0.18,2025年2季度股票投资明细,2025-06-30,2026-01-29 08:23:29
5806,011815,301508,中机认检,0.00,0.01,0.18,2025年2季度股票投资明细,2025-06-30,2026-01-29 08:23:30
5807,011815,301566,达利凯普,0.00,0.01,0.17,2025年2季度股票投资明细,2025-06-30,2026-01-29 08:23:31
5808,011815,601689,拓普集团,0.00,0.00,0.17,2025年2季度股票投资明细,2025-06-30,2026-01-29 08:23:31
5809,011815,603375,盛景微,0.00,0.00,0.16,2025年2季度股票投资明细,2025-06-30,2026-01-29 08:23:32
5810,011815,002045,国光电器,0.00,0.01,0.16,2025年2季度股票投资明细,2025-06-30,2026-01-29 08:23:33
5811,011815,001206,依依股份,0.00,0.01,0.16,2025年2季度股票投资明细,2025-06-30,2026-01-29 08:23:33
5812,011815,002364,中恒电气,0.00,0.01,0.15,2025年2季度股票投资明细,2025-06-30,2026-01-29 08:23:34
5813,011815,301507,民生健康,0.00,0.01,0.14,2025年2季度股票投资明细,2025-06-30,2026-01-29 08:23:35
5814,011815,300593,新雷能,0.00,0.01,0.13,2025年2季度股票投资明细,2025-06-30,2026-01-29 08:23:35
5815,011815,603231,索宝蛋白,0.00,0.01,0.13,2025年2季度股票投资明细,2025-06-30,2026-01-29 08:23:36
5816,011815,603220,中贝通信,0.00,0.01,0.13,2025年2季度股票投资明细,2025-06-30,2026-01-29 08:23:36
5817,011815,300772,运达股份,0.00,0.01,0.13,2025年2季度股票投资明细,2025-06-30,2026-01-29 08:23:37
5818,011815,002155,湖南黄金,0.00,0.01,0.13,2025年2季度股票投资明细,2025-06-30,2026-01-29 08:23:38
5819,011815,000999,华润三九,0.00,0.00,0.12,2025年2季度股票投资明细,2025-06-30,2026-01-29 08:23:38
5820,011815,002837,英维克,0.00,0.00,0.12,2025年2季度股票投资明细,2025-06-30,2026-01-29 08:23:39
5821,011815,300580,贝斯特,0.00,0.00,0.12,2025年2季度股票投资明细,2025-06-30,2026-01-29 08:23:40
5822,011815,601615,明阳智能,0.00,0.01,0.11,2025年2季度股票投资明细,2025-06-30,2026-01-29 08:23:40
5823,011815,002668,TCL智家,0.00,0.01,0.10,2025年2季度股票投资明细,2025-06-30,2026-01-29 08:23:42
5824,011815,001239,永达股份,0.00,0.01,0.09,2025年2季度股票投资明细,2025-06-30,2026-01-29 08:23:43
5825,011815,002183,怡亚通,0.00,0.02,0.09,2025年2季度股票投资明细,2025-06-30,2026-01-29 08:23:43
5826,011815,002706,良信股份,0.00,0.01,0.09,2025年2季度股票投资明细,2025-06-30,2026-01-29 08:23:44
5827,011815,301578,辰奕智能,0.00,0.00,0.08,2025年2季度股票投资明细,2025-06-30,2026-01-29 08:23:45
5828,011815,601083,锦江航运,0.00,0.01,0.08,2025年2季度股票投资明细,2025-06-30,2026-01-29 08:23:46
5829,011815,002819,东方中科,0.00,0.00,0.07,2025年2季度股票投资明细,2025-06-30,2026-01-29 08:23:46
5830,011815,300762,上海瀚讯,0.00,0.00,0.07,2025年2季度股票投资明细,2025-06-30,2026-01-29 08:23:47
5831,011815,301393,昊帆生物,0.00,0.00,0.06,2025年2季度股票投资明细,2025-06-30,2026-01-29 08:23:48
5832,011815,301262,海看股份,0.00,0.00,0.06,2025年2季度股票投资明细,2025-06-30,2026-01-29 08:23:48
5833,011815,001387,雪祺电气,0.00,0.00,0.05,2025年2季度股票投资明细,2025-06-30,2026-01-29 08:23:49
5834,011815,001979,招商蛇口,0.00,0.01,0.05,2025年2季度股票投资明细,2025-06-30,2026-01-29 08:23:49
5835,011815,600023,浙能电力,0.00,0.01,0.05,2025年2季度股票投资明细,2025-06-30,2026-01-29 08:23:50
5836,011815,603806,福斯特,0.00,0.00,0.05,2025年2季度股票投资明细,2025-06-30,2026-01-29 08:23:52
5837,011815,002182,宝武镁业,0.00,0.00,0.05,2025年2季度股票投资明细,2025-06-30,2026-01-29 08:23:52
5838,011815,301370,国科恒泰,0.00,0.00,0.05,2025年2季度股票投资明细,2025-06-30,2026-01-29 08:23:53
5839,011815,001379,腾达科技,0.00,0.00,0.04,2025年2季度股票投资明细,2025-06-30,2026-01-29 08:23:54
5840,011815,002600,领益智造,0.00,0.00,0.04,2025年2季度股票投资明细,2025-06-30,2026-01-29 08:23:54
5841,011815,301329,信音电子,0.00,0.00,0.02,2025年2季度股票投资明细,2025-06-30,2026-01-29 08:23:55
5842,011815,688601,力芯微,0.00,0.00,0.02,2025年2季度股票投资明细,2025-06-30,2026-01-29 08:23:56
5843,011815,601096,宏盛华源,0.00,0.00,0.02,2025年2季度股票投资明细,2025-06-30,2026-01-29 08:23:56
5844,011815,301558,三态股份,0.00,0.00,0.01,2025年2季度股票投资明细,2025-06-30,2026-01-29 08:23:57
5845,011815,301516,中远通,0.00,0.00,0.01,2025年2季度股票投资明细,2025-06-30,2026-01-29 08:23:57
5846,011815,301526,国际复材,0.00,0.00,0.01,2025年2季度股票投资明细,2025-06-30,2026-01-29 08:23:58
5847,011815,001309,德明利,8.69,10.43,2134.92,2025年3季度股票投资明细,2025-09-30,2026-01-29 08:23:59
5848,011815,300475,香农芯创,7.87,21.18,1932.89,2025年3季度股票投资明细,2025-09-30,2026-01-29 08:23:59
5849,011815,300014,亿纬锂能,7.33,19.80,1801.80,2025年3季度股票投资明细,2025-09-30,2026-01-29 08:24:00
5850,011815,002241,歌尔股份,5.57,36.48,1368.00,2025年3季度股票投资明细,2025-09-30,2026-01-29 08:24:00
5851,011815,002384,东山精密,5.32,18.30,1308.45,2025年3季度股票投资明细,2025-09-30,2026-01-29 08:24:01
5852,011815,688411,海博思创,5.28,4.00,1296.26,2025年3季度股票投资明细,2025-09-30,2026-01-29 08:24:02
5853,011815,002463,沪电股份,5.24,17.54,1288.66,2025年3季度股票投资明细,2025-09-30,2026-01-29 08:24:03
5854,011815,300433,蓝思科技,4.87,35.71,1195.57,2025年3季度股票投资明细,2025-09-30,2026-01-29 08:24:03
5855,011815,300308,中际旭创,4.29,2.61,1055.22,2025年3季度股票投资明细,2025-09-30,2026-01-29 08:24:04
5856,011815,688012,中微公司,4.06,3.34,998.66,2025年3季度股票投资明细,2025-09-30,2026-01-29 08:24:05
5857,011815,002384,东山精密,9.62,127.98,10833.51,2025年4季度股票投资明细,2025-12-31,2026-01-29 08:24:05
5858,011815,001309,德明利,9.02,43.78,10151.52,2025年4季度股票投资明细,2025-12-31,2026-01-29 08:24:06
5859,011815,300502,新易盛,7.56,19.74,8507.29,2025年4季度股票投资明细,2025-12-31,2026-01-29 08:24:07
5860,011815,300308,中际旭创,7.36,13.58,8286.24,2025年4季度股票投资明细,2025-12-31,2026-01-29 08:24:07
5861,011815,300475,香农芯创,7.11,55.46,8005.10,2025年4季度股票投资明细,2025-12-31,2026-01-29 08:24:08
5862,011815,002080,中材科技,6.83,211.50,7685.86,2025年4季度股票投资明细,2025-12-31,2026-01-29 08:24:08
5863,011815,002463,沪电股份,5.01,77.14,5636.62,2025年4季度股票投资明细,2025-12-31,2026-01-29 08:24:09
5864,011815,300857,协创数据,4.05,27.03,4560.13,2025年4季度股票投资明细,2025-12-31,2026-01-29 08:24:10
5865,011815,688012,中微公司,3.88,16.00,4364.45,2025年4季度股票投资明细,2025-12-31,2026-01-29 08:24:10
5866,011815,300274,阳光电源,3.73,24.52,4193.90,2025年4季度股票投资明细,2025-12-31,2026-01-29 08:24:11
5867,022365,300738,奥飞数据,9.30,96.40,2338.66,2025年1季度股票投资明细,2025-03-31,2026-01-29 08:24:15
5868,022365,600589,大位科技,9.08,296.40,2285.24,2025年1季度股票投资明细,2025-03-31,2026-01-29 08:24:16
5869,022365,09988,阿里巴巴-W,9.02,19.22,2270.31,2025年1季度股票投资明细,2025-03-31,2026-01-29 08:24:16
5870,022365,002335,科华数据,8.54,48.65,2147.90,2025年1季度股票投资明细,2025-03-31,2026-01-29 08:24:17
5871,022365,300442,润泽科技,8.53,37.54,2145.04,2025年1季度股票投资明细,2025-03-31,2026-01-29 08:24:18
5872,022365,300383,光环新网,8.51,128.04,2140.83,2025年1季度股票投资明细,2025-03-31,2026-01-29 08:24:18
5873,022365,688158,优刻得,8.10,78.41,2038.77,2025年1季度股票投资明细,2025-03-31,2026-01-29 08:24:19
5874,022365,03896,金山云,7.79,288.80,1958.87,2025年1季度股票投资明细,2025-03-31,2026-01-29 08:24:20
5875,022365,300846,首都在线,7.33,80.32,1843.34,2025年1季度股票投资明细,2025-03-31,2026-01-29 08:24:20
5876,022365,300911,亿田智能,5.86,32.20,1474.48,2025年1季度股票投资明细,2025-03-31,2026-01-29 08:24:21
5877,022365,300502,新易盛,10.08,92.57,11758.34,2025年2季度股票投资明细,2025-06-30,2026-01-29 08:24:21
5878,022365,300308,中际旭创,9.92,79.30,11566.70,2025年2季度股票投资明细,2025-06-30,2026-01-29 08:24:22
5879,022365,300394,天孚通信,9.43,137.75,10997.80,2025年2季度股票投资明细,2025-06-30,2026-01-29 08:24:23
5880,022365,300476,胜宏科技,9.19,79.81,10724.87,2025年2季度股票投资明细,2025-06-30,2026-01-29 08:24:23
5881,022365,688498,源杰科技,9.03,54.03,10534.88,2025年2季度股票投资明细,2025-06-30,2026-01-29 08:24:24
5882,022365,300548,长芯博创,8.16,142.54,9517.40,2025年2季度股票投资明细,2025-06-30,2026-01-29 08:24:25
5883,022365,002463,沪电股份,7.88,215.90,9193.02,2025年2季度股票投资明细,2025-06-30,2026-01-29 08:24:25
5884,022365,601138,工业富联,6.83,372.50,7964.05,2025年2季度股票投资明细,2025-06-30,2026-01-29 08:24:26
5885,022365,300570,太辰光,6.80,82.33,7934.97,2025年2季度股票投资明细,2025-06-30,2026-01-29 08:24:27
5886,022365,002916,深南电路,4.92,53.22,5737.54,2025年2季度股票投资明细,2025-06-30,2026-01-29 08:24:27
5887,022365,603306,华懋科技,4.70,125.97,5479.70,2025年2季度股票投资明细,2025-06-30,2026-01-29 08:24:28
5888,022365,688668,鼎通科技,3.90,72.86,4550.80,2025年2季度股票投资明细,2025-06-30,2026-01-29 08:24:29
5889,022365,688313,仕佳光子,3.22,98.76,3757.94,2025年2季度股票投资明细,2025-06-30,2026-01-29 08:24:30
5890,022365,603124,江南新材,0.60,14.43,701.21,2025年2季度股票投资明细,2025-06-30,2026-01-29 08:24:30
5891,022365,688775,影石创新,0.00,0.02,2.63,2025年2季度股票投资明细,2025-06-30,2026-01-29 08:24:31
5892,022365,001388,信通电子,0.00,0.09,1.54,2025年2季度股票投资明细,2025-06-30,2026-01-29 08:24:32
5893,022365,301590,优优绿能,0.00,0.01,0.85,2025年2季度股票投资明细,2025-06-30,2026-01-29 08:24:32
5894,022365,603049,中策橡胶,0.00,0.01,0.52,2025年2季度股票投资明细,2025-06-30,2026-01-29 08:24:33
5895,022365,001390,古麒绒材,0.00,0.02,0.32,2025年2季度股票投资明细,2025-06-30,2026-01-29 08:24:33
5896,022365,603400,华之杰,0.00,0.01,0.25,2025年2季度股票投资明细,2025-06-30,2026-01-29 08:24:34
5897,022365,300502,新易盛,9.76,307.58,112504.49,2025年3季度股票投资明细,2025-09-30,2026-01-29 08:24:35
5898,022365,300308,中际旭创,9.48,270.47,109183.33,2025年3季度股票投资明细,2025-09-30,2026-01-29 08:24:35
5899,022365,300394,天孚通信,8.98,616.39,103429.69,2025年3季度股票投资明细,2025-09-30,2026-01-29 08:24:36
5900,022365,002916,深南电路,8.69,462.18,100125.81,2025年3季度股票投资明细,2025-09-30,2026-01-29 08:24:36
5901,022365,002463,沪电股份,8.29,1300.09,95517.32,2025年3季度股票投资明细,2025-09-30,2026-01-29 08:24:37
5902,022365,600183,生益科技,7.98,1701.94,91938.81,2025年3季度股票投资明细,2025-09-30,2026-01-29 08:24:38
5903,022365,300570,太辰光,5.59,611.55,64383.69,2025年3季度股票投资明细,2025-09-30,2026-01-29 08:24:38
5904,022365,688008,澜起科技,5.51,410.41,63531.45,2025年3季度股票投资明细,2025-09-30,2026-01-29 08:24:39
5905,022365,688313,仕佳光子,4.55,735.03,52407.99,2025年3季度股票投资明细,2025-09-30,2026-01-29 08:24:40
5906,022365,300548,长芯博创,4.42,478.84,50886.58,2025年3季度股票投资明细,2025-09-30,2026-01-29 08:24:40
5907,022365,600183,生益科技,9.11,1972.29,140841.24,2025年4季度股票投资明细,2025-12-31,2026-01-29 08:24:41
5908,022365,300308,中际旭创,8.85,224.49,136937.74,2025年4季度股票投资明细,2025-12-31,2026-01-29 08:24:42
5909,022365,002463,沪电股份,8.84,1872.17,136799.17,2025年4季度股票投资明细,2025-12-31,2026-01-29 08:24:42
5910,022365,300502,新易盛,8.75,314.17,135370.69,2025年4季度股票投资明细,2025-12-31,2026-01-29 08:24:43
5911,022365,002916,深南电路,8.72,580.91,134939.35,2025年4季度股票投资明细,2025-12-31,2026-01-29 08:24:43
5912,022365,300394,天孚通信,8.56,652.20,132415.72,2025年4季度股票投资明细,2025-12-31,2026-01-29 08:24:44
5913,022365,002384,东山精密,3.98,727.65,61595.67,2025年4季度股票投资明细,2025-12-31,2026-01-29 08:24:45
5914,022365,603228,景旺电子,2.98,629.74,46027.81,2025年4季度股票投资明细,2025-12-31,2026-01-29 08:24:45
5915,022365,601138,工业富联,2.86,713.14,44250.34,2025年4季度股票投资明细,2025-12-31,2026-01-29 08:24:46
5916,022365,603083,剑桥科技,2.83,325.20,43700.24,2025年4季度股票投资明细,2025-12-31,2026-01-29 08:24:47
5917,673073,600519,贵州茅台,9.83,0.82,1280.02,2025年1季度股票投资明细,2025-03-31,2026-01-29 08:24:51
5918,673073,000596,古井贡酒,9.45,7.23,1230.91,2025年1季度股票投资明细,2025-03-31,2026-01-29 08:24:52
5919,673073,000997,新大陆,9.34,40.73,1216.61,2025年1季度股票投资明细,2025-03-31,2026-01-29 08:24:53
5920,673073,601111,中国国航,9.29,169.97,1210.19,2025年1季度股票投资明细,2025-03-31,2026-01-29 08:24:53
5921,673073,603885,吉祥航空,8.90,88.52,1159.61,2025年1季度股票投资明细,2025-03-31,2026-01-29 08:24:54
5922,673073,000568,泸州老窖,8.85,8.89,1153.21,2025年1季度股票投资明细,2025-03-31,2026-01-29 08:24:55
5923,673073,002928,华夏航空,8.55,152.59,1113.91,2025年1季度股票投资明细,2025-03-31,2026-01-29 08:24:56
5924,673073,600029,南方航空,7.70,176.64,1003.32,2025年1季度股票投资明细,2025-03-31,2026-01-29 08:24:56
5925,673073,603369,今世缘,5.33,13.12,693.79,2025年1季度股票投资明细,2025-03-31,2026-01-29 08:24:57
5926,673073,002154,报喜鸟,5.06,160.85,659.50,2025年1季度股票投资明细,2025-03-31,2026-01-29 08:24:58
5927,673073,002244,滨江集团,9.05,98.97,964.96,2025年2季度股票投资明细,2025-06-30,2026-01-29 08:24:58
5928,673073,002928,华夏航空,8.95,114.78,953.82,2025年2季度股票投资明细,2025-06-30,2026-01-29 08:24:59
5929,673073,601111,中国国航,8.84,119.45,942.46,2025年2季度股票投资明细,2025-06-30,2026-01-29 08:25:00
5930,673073,603885,吉祥航空,8.68,68.71,925.52,2025年2季度股票投资明细,2025-06-30,2026-01-29 08:25:00
5931,673073,600029,南方航空,7.20,130.16,767.94,2025年2季度股票投资明细,2025-06-30,2026-01-29 08:25:01
5932,673073,688111,金山办公,6.24,2.38,665.40,2025年2季度股票投资明细,2025-06-30,2026-01-29 08:25:02
5933,673073,600048,保利发展,5.59,73.50,595.35,2025年2季度股票投资明细,2025-06-30,2026-01-29 08:25:02
5934,673073,600633,浙数文化,5.12,39.44,545.85,2025年2季度股票投资明细,2025-06-30,2026-01-29 08:25:03
5935,673073,002605,姚记科技,5.09,19.45,542.66,2025年2季度股票投资明细,2025-06-30,2026-01-29 08:25:03
5936,673073,600498,烽火通信,4.97,25.21,530.17,2025年2季度股票投资明细,2025-06-30,2026-01-29 08:25:04
5937,673073,600266,城建发展,4.82,113.26,514.18,2025年2季度股票投资明细,2025-06-30,2026-01-29 08:25:05
5938,673073,601021,春秋航空,4.82,9.23,513.65,2025年2季度股票投资明细,2025-06-30,2026-01-29 08:25:05
5939,673073,001979,招商蛇口,4.81,58.46,512.69,2025年2季度股票投资明细,2025-06-30,2026-01-29 08:25:06
5940,673073,600115,中国东航,4.76,125.81,507.01,2025年2季度股票投资明细,2025-06-30,2026-01-29 08:25:07
5941,673073,600657,信达地产,4.75,130.07,505.97,2025年2季度股票投资明细,2025-06-30,2026-01-29 08:25:07
5942,673073,600916,中国黄金,0.08,1.00,8.17,2025年2季度股票投资明细,2025-06-30,2026-01-29 08:25:08
5943,673073,603202,天有为,0.02,0.02,2.18,2025年2季度股票投资明细,2025-06-30,2026-01-29 08:25:09
5944,673073,001391,国货航,0.01,0.15,1.01,2025年2季度股票投资明细,2025-06-30,2026-01-29 08:25:09
5945,673073,603072,天和磁材,0.01,0.02,0.87,2025年2季度股票投资明细,2025-06-30,2026-01-29 08:25:10
5946,673073,603124,江南新材,0.00,0.01,0.41,2025年2季度股票投资明细,2025-06-30,2026-01-29 08:25:11
5947,673073,603014,威高血净,0.00,0.01,0.25,2025年2季度股票投资明细,2025-06-30,2026-01-29 08:25:12
5948,673073,603271,永杰新材,0.00,0.01,0.24,2025年2季度股票投资明细,2025-06-30,2026-01-29 08:25:12
5949,673073,603382,海阳科技,0.00,0.01,0.22,2025年2季度股票投资明细,2025-06-30,2026-01-29 08:25:13
5950,673073,603120,肯特催化,0.00,0.01,0.22,2025年2季度股票投资明细,2025-06-30,2026-01-29 08:25:13
5951,673073,603210,泰鸿万立,0.00,0.00,0.05,2025年2季度股票投资明细,2025-06-30,2026-01-29 08:25:14
5952,673073,002928,华夏航空,9.81,78.82,789.78,2025年3季度股票投资明细,2025-09-30,2026-01-29 08:25:15
5953,673073,601111,中国国航,9.56,97.29,769.56,2025年3季度股票投资明细,2025-09-30,2026-01-29 08:25:15
5954,673073,600029,南方航空,6.66,88.59,535.97,2025年3季度股票投资明细,2025-09-30,2026-01-29 08:25:16
5955,673073,601336,新华保险,5.50,7.24,442.80,2025年3季度股票投资明细,2025-09-30,2026-01-29 08:25:17
5956,673073,601601,中国太保,5.50,12.60,442.51,2025年3季度股票投资明细,2025-09-30,2026-01-29 08:25:17
5957,673073,601688,华泰证券,5.36,19.82,431.48,2025年3季度股票投资明细,2025-09-30,2026-01-29 08:25:18
5958,673073,002714,牧原股份,5.33,8.10,429.30,2025年3季度股票投资明细,2025-09-30,2026-01-29 08:25:19
5959,673073,600958,东方证券,5.33,37.49,428.89,2025年3季度股票投资明细,2025-09-30,2026-01-29 08:25:20
5960,673073,000776,广发证券,5.30,19.13,426.22,2025年3季度股票投资明细,2025-09-30,2026-01-29 08:25:20
5961,673073,600115,中国东航,5.10,98.85,410.23,2025年3季度股票投资明细,2025-09-30,2026-01-29 08:25:21
5962,673073,002714,牧原股份,9.80,14.02,709.13,2025年4季度股票投资明细,2025-12-31,2026-01-29 08:25:21
5963,673073,601899,紫金矿业,9.78,20.54,708.01,2025年4季度股票投资明细,2025-12-31,2026-01-29 08:25:22
5964,673073,600547,山东黄金,9.44,17.65,683.23,2025年4季度股票投资明细,2025-12-31,2026-01-29 08:25:23
5965,673073,600988,赤峰黄金,9.18,21.27,664.47,2025年4季度股票投资明细,2025-12-31,2026-01-29 08:25:24
5966,673073,300433,蓝思科技,7.03,16.80,508.54,2025年4季度股票投资明细,2025-12-31,2026-01-29 08:25:24
5967,673073,002532,天山铝业,5.55,24.85,402.07,2025年4季度股票投资明细,2025-12-31,2026-01-29 08:25:25
5968,673073,000975,山金国际,5.43,16.17,393.42,2025年4季度股票投资明细,2025-12-31,2026-01-29 08:25:26
5969,673073,300761,立华股份,5.37,18.72,388.44,2025年4季度股票投资明细,2025-12-31,2026-01-29 08:25:26
5970,673073,002928,华夏航空,5.34,34.98,386.53,2025年4季度股票投资明细,2025-12-31,2026-01-29 08:25:27
5971,673073,002475,立讯精密,4.93,6.29,356.71,2025年4季度股票投资明细,2025-12-31,2026-01-29 08:25:28
5972,022365,301162,国能日新,9.19,5.27,239.79,2024年4季度股票投资明细,2026-01-29,2026-01-29 09:10:18
5973,022365,301269,华大九天,9.14,1.97,238.57,2024年4季度股票投资明细,2026-01-29,2026-01-29 09:10:19
5974,022365,688582,芯动联科,8.57,4.45,223.68,2024年4季度股票投资明细,2026-01-29,2026-01-29 09:10:19
5975,022365,688322,奥比中光,7.25,4.07,189.18,2024年4季度股票投资明细,2026-01-29,2026-01-29 09:10:19
5976,022365,300627,华测导航,7.05,4.40,183.92,2024年4季度股票投资明细,2026-01-29,2026-01-29 09:10:20
5977,022365,301606,绿联科技,5.63,3.89,147.04,2024年4季度股票投资明细,2026-01-29,2026-01-29 09:10:20
5978,022365,301611,珂玛科技,5.38,2.38,140.32,2024年4季度股票投资明细,2026-01-29,2026-01-29 09:10:21
5979,022365,301413,安培龙,5.33,2.60,139.13,2024年4季度股票投资明细,2026-01-29,2026-01-29 09:10:21
5980,022365,688719,爱科赛博,5.25,4.84,136.87,2024年4季度股票投资明细,2026-01-29,2026-01-29 09:10:21
5981,022365,688709,成都华微,5.20,4.40,135.79,2024年4季度股票投资明细,2026-01-29,2026-01-29 09:10:22
5982,022365,603236,移远通信,4.54,1.73,118.40,2024年4季度股票投资明细,2026-01-29,2026-01-29 09:10:22
5983,022365,688486,龙迅股份,4.46,1.49,116.37,2024年4季度股票投资明细,2026-01-29,2026-01-29 09:10:23
5984,022365,603325,博隆技术,4.30,1.42,112.34,2024年4季度股票投资明细,2026-01-29,2026-01-29 09:10:23
5985,022365,688692,达梦数据,4.23,0.30,110.50,2024年4季度股票投资明细,2026-01-29,2026-01-29 09:10:23
5986,022365,06682,第四范式,3.65,2.02,95.31,2024年4季度股票投资明细,2026-01-29,2026-01-29 09:10:24
5987,022365,688475,萤石网络,2.49,2.15,64.86,2024年4季度股票投资明细,2026-01-29,2026-01-29 09:10:24
5988,022365,688708,佳驰科技,2.01,0.86,52.50,2024年4季度股票投资明细,2026-01-29,2026-01-29 09:10:24
5989,022365,01164,中广核矿业,0.64,11.00,16.60,2024年4季度股票投资明细,2026-01-29,2026-01-29 09:10:25
5990,018957,300394,天孚通信,9.53,710.84,144321.82,2025年4季度股票投资明细,2026-01-29,2026-01-29 09:30:32
5991,018957,300308,中际旭创,9.43,233.90,142678.94,2025年4季度股票投资明细,2026-01-29,2026-01-29 09:30:32
5992,018957,300476,胜宏科技,9.39,494.22,142128.82,2025年4季度股票投资明细,2026-01-29,2026-01-29 09:30:32
5993,018957,300502,新易盛,9.25,324.80,139951.85,2025年4季度股票投资明细,2026-01-29,2026-01-29 09:30:33
5994,018957,002837,英维克,8.11,1148.13,122723.82,2025年4季度股票投资明细,2026-01-29,2026-01-29 09:30:33
5995,018957,600183,生益科技,7.54,1597.41,114071.20,2025年4季度股票投资明细,2026-01-29,2026-01-29 09:30:33
5996,018957,601138,工业富联,7.32,1786.50,110852.33,2025年4季度股票投资明细,2026-01-29,2026-01-29 09:30:33
5997,018957,603083,剑桥科技,6.54,736.83,99014.81,2025年4季度股票投资明细,2026-01-29,2026-01-29 09:30:34
5998,018957,688313,仕佳光子,4.96,844.94,75013.90,2025年4季度股票投资明细,2026-01-29,2026-01-29 09:30:34
5999,018957,600105,永鼎股份,4.44,2674.87,67139.29,2025年4季度股票投资明细,2026-01-29,2026-01-29 09:30:34
6000,022364,600183,生益科技,9.11,1972.29,140841.24,2025年4季度股票投资明细,2026-01-31,2026-01-31 12:33:59
6001,022364,300308,中际旭创,8.85,224.49,136937.74,2025年4季度股票投资明细,2026-01-31,2026-01-31 12:33:59
6002,022364,002463,沪电股份,8.84,1872.17,136799.17,2025年4季度股票投资明细,2026-01-31,2026-01-31 12:33:59
6003,022364,300502,新易盛,8.75,314.17,135370.69,2025年4季度股票投资明细,2026-01-31,2026-01-31 12:33:59
6004,022364,002916,深南电路,8.72,580.91,134939.35,2025年4季度股票投资明细,2026-01-31,2026-01-31 12:33:59
6005,022364,300394,天孚通信,8.56,652.20,132415.72,2025年4季度股票投资明细,2026-01-31,2026-01-31 12:33:59
6006,022364,002384,东山精密,3.98,727.65,61595.67,2025年4季度股票投资明细,2026-01-31,2026-01-31 12:33:59
6007,022364,603228,景旺电子,2.98,629.74,46027.81,2025年4季度股票投资明细,2026-01-31,2026-01-31 12:33:59
6008,022364,601138,工业富联,2.86,713.14,44250.34,2025年4季度股票投资明细,2026-01-31,2026-01-31 12:33:59
6009,022364,603083,剑桥科技,2.83,325.20,43700.24,2025年4季度股票投资明细,2026-01-31,2026-01-31 12:33:59
6010,022364,301162,国能日新,9.19,5.27,239.79,2024年4季度股票投资明细,2026-01-31,2026-01-31 12:35:35
6011,022364,301269,华大九天,9.14,1.97,238.57,2024年4季度股票投资明细,2026-01-31,2026-01-31 12:35:35
6012,022364,688582,芯动联科,8.57,4.45,223.68,2024年4季度股票投资明细,2026-01-31,2026-01-31 12:35:35
6013,022364,688322,奥比中光,7.25,4.07,189.18,2024年4季度股票投资明细,2026-01-31,2026-01-31 12:35:35
6014,022364,300627,华测导航,7.05,4.40,183.92,2024年4季度股票投资明细,2026-01-31,2026-01-31 12:35:35
6015,022364,301606,绿联科技,5.63,3.89,147.04,2024年4季度股票投资明细,2026-01-31,2026-01-31 12:35:35
6016,022364,301611,珂玛科技,5.38,2.38,140.32,2024年4季度股票投资明细,2026-01-31,2026-01-31 12:35:35
6017,022364,301413,安培龙,5.33,2.60,139.13,2024年4季度股票投资明细,2026-01-31,2026-01-31 12:35:35
6018,022364,688719,爱科赛博,5.25,4.84,136.87,2024年4季度股票投资明细,2026-01-31,2026-01-31 12:35:35
6019,022364,688709,成都华微,5.20,4.40,135.79,2024年4季度股票投资明细,2026-01-31,2026-01-31 12:35:35
6020,022364,603236,移远通信,4.54,1.73,118.40,2024年4季度股票投资明细,2026-01-31,2026-01-31 12:35:35
6021,022364,688486,龙迅股份,4.46,1.49,116.37,2024年4季度股票投资明细,2026-01-31,2026-01-31 12:35:35
6022,022364,603325,博隆技术,4.30,1.42,112.34,2024年4季度股票投资明细,2026-01-31,2026-01-31 12:35:35
6023,022364,688692,达梦数据,4.23,0.30,110.50,2024年4季度股票投资明细,2026-01-31,2026-01-31 12:35:35
6024,022364,06682,第四范式,3.65,2.02,95.31,2024年4季度股票投资明细,2026-01-31,2026-01-31 12:35:35
6025,022364,688475,萤石网络,2.49,2.15,64.86,2024年4季度股票投资明细,2026-01-31,2026-01-31 12:35:35
6026,022364,688708,佳驰科技,2.01,0.86,52.50,2024年4季度股票投资明细,2026-01-31,2026-01-31 12:35:35
6027,022364,01164,中广核矿业,0.64,11.00,16.60,2024年4季度股票投资明细,2026-01-31,2026-01-31 12:35:35
